{
    "team02.jpg": {
        "img_source": "https:\/\/unsplash.com\/photos\/h5cd51KXmRQ",
        "download_url": "https:\/\/unsplash.com\/photos\/h5cd51KXmRQ\/download?force=true&w=1920",
        "img_lic": "free to use",
        "md5": "866df94601ea83fc6802e99c95d910de"
    },
    "team03.jpg": {
        "img_source": "https:\/\/unsplash.com\/photos\/PK_t0Lrh7MM",
        "download_url": "https:\/\/unsplash.com\/photos\/PK_t0Lrh7MM\/download?ixid=MnwxMjA3fDB8MXxzZWFyY2h8MXx8YnVzaW5lc3MlMjB3b21hbnx8MHwxfHx8MTY0MDc2MDA4MQ&force=true&w=1920",
        "img_lic": "free to use",
        "md5": "7e500e8dd7e2885e8f752b822e7ec4f6"
    },
    "project03.jpg": {
        "img_source": "https:\/\/unsplash.com\/photos\/QLqNalPe0RA",
        "download_url": "https:\/\/unsplash.com\/photos\/QLqNalPe0RA\/download?ixid=MnwxMjA3fDB8MXxzZWFyY2h8MjF8fHByZHVjdCUyMGRlc2lnbnxlbnwwfHx8fDE2NDA2ODMwODA&force=true&w=1920",
        "img_lic": "free to use",
        "md5": "e158b9fb37abbad6170b86ae0c123aaf"
    },
    "services01.jpg": {
        "img_source": "https:\/\/unsplash.com\/photos\/i1MXZuHqD2k",
        "download_url": "https:\/\/unsplash.com\/photos\/i1MXZuHqD2k\/download?ixid=MnwxMjA3fDB8MXxhbGx8fHx8fHx8fHwxNjQwNzc2MTg2&force=true&w=1920",
        "img_lic": "free to use",
        "md5": "89462a1e5408b6c82c956edeb5186e93"
    },
    "team01.jpg": {
        "img_source": "https:\/\/unsplash.com\/photos\/G-jo31ESuRE",
        "download_url": "https:\/\/unsplash.com\/photos\/G-jo31ESuRE\/download?ixid=MnwxMjA3fDB8MXxhbGx8fHx8fHx8fHwxNjQwNzgwMzgx&force=true&w=1920",
        "img_lic": "free to use",
        "md5": "5e474d6f7a56db634a4e80cc6b7daa06"
    },
    "project02.jpg": {
        "img_source": "https:\/\/unsplash.com\/photos\/W5dsm9n6e3g",
        "download_url": "https:\/\/unsplash.com\/photos\/W5dsm9n6e3g\/download?ixid=MnwxMjA3fDB8MXxzZWFyY2h8MjB8fHByZHVjdCUyMGRlc2lnbnx8MHx8fHwxNjQwNjgzMDY1&force=true&w=1920",
        "img_lic": "free to use",
        "md5": "5be60a821bf5ce72d5df436d4dbc991b"
    },
    "managment01.jpg": {
        "img_source": "https:\/\/unsplash.com\/photos\/b6dfPNHa81w",
        "download_url": "https:\/\/unsplash.com\/photos\/b6dfPNHa81w\/download?force=true&w=1920",
        "img_lic": "free to use",
        "md5": "70397a273f8e1c5e5b7f715a1991b214"
    },
    "project01.jpg": {
        "img_source": "https:\/\/unsplash.com\/photos\/MxVkWPiJALs",
        "download_url": "https:\/\/unsplash.com\/photos\/MxVkWPiJALs\/download?ixid=MnwxMjA3fDB8MXxzZWFyY2h8MTB8fHRlY2hub2xvZ3l8fDB8fHx8MTY0MDY1OTQ0Ng&force=true&w=1920",
        "img_lic": "free to use",
        "md5": "7002588bdcdd91d6039248a0b4380775"
    },
    "homebg02.jpg": {
        "img_source": "https:\/\/unsplash.com\/photos\/WY5kuE0R4-k",
        "download_url": "https:\/\/unsplash.com\/photos\/WY5kuE0R4-k\/download?ixid=MnwxMjA3fDB8MXxzZWFyY2h8NjF8fG1lZXRpbmd8ZW58MHwwfHx8MTY0MDY3NzM5Nw&force=true&w=1920",
        "img_lic": "free to use",
        "md5": "179e71dc01a4598aaccb6baf577b163d"
    },
    "homebg01.jpg": {
        "img_source": "https:\/\/unsplash.com\/photos\/ZPeXrWxOjRQ",
        "download_url": "https:\/\/unsplash.com\/photos\/ZPeXrWxOjRQ\/download?ixid=MnwxMjA3fDB8MXxhbGx8fHx8fHx8fHwxNjQwNjc2MTUw&force=true&w=1920",
        "img_lic": "free to use",
        "md5": "1a307e9e7c7f2310ed85004dab6b0644"
    },
    "home-header01.jpg": {
        "img_source": "https:\/\/www.pexels.com\/photo\/colleagues-brainstorming-a-business-project-at-a-meeting-7550312\/",
        "download_url": "https:\/\/www.pexels.com\/photo\/7550312\/download\/?search_query=&tracking_id=1gprvlppfos",
        "img_lic": "free to use",
        "md5": false
    },
    "header01.jpg": {
        "img_source": "https:\/\/unsplash.com\/photos\/UZe35tk5UoA",
        "download_url": "https:\/\/unsplash.com\/photos\/UZe35tk5UoA\/download?ixid=MnwxMjA3fDB8MXxhbGx8fHx8fHx8fHwxNjQwNjY3NjEz&force=true&w=1920",
        "img_lic": "free to use",
        "md5": "cc416cd1e059a7e4e2b9557ea9678290"
    },
    "company01.jpg": {
        "img_source": "https:\/\/www.pexels.com\/photo\/woman-sitting-on-sofa-while-looking-at-phone-with-laptop-on-lap-920382\/",
        "download_url": "https:\/\/www.pexels.com\/photo\/920382\/download\/?search_query=internet&tracking_id=1gprvlppfos",
        "img_lic": "free to use",
        "md5": false
    },
    "contact01.jpg": {
        "img_source": "https:\/\/unsplash.com\/photos\/8YG31Xn4dSw",
        "download_url": "https:\/\/unsplash.com\/photos\/8YG31Xn4dSw\/download?ixid=MnwxMjA3fDB8MXxzZWFyY2h8MTJ8fGJ1c2luZXNzfHwwfHx8fDE2NDA4MzU1ODg&force=true&w=1920",
        "img_lic": "free to use",
        "md5": "982e2ee08c4abdbe37ad60f43737128a"
    },
    "client01.jpg": {
        "img_source": "https:\/\/unsplash.com\/photos\/pUhxoSapPFA",
        "download_url": "https:\/\/unsplash.com\/photos\/pUhxoSapPFA\/download?ixid=MnwxMjA3fDB8MXxzZWFyY2h8MjB8fG1hbiUyMGZhY2V8fDB8MHx8fDE2NDA2NzMzNjM&force=true&w=1920",
        "img_lic": "free to use",
        "md5": "07fba4ea61dd6ab0b4cb7187862e23a2"
    },
    "client02.jpg": {
        "img_source": "https:\/\/unsplash.com\/photos\/5n3JP9WAJTs",
        "download_url": "https:\/\/unsplash.com\/photos\/5n3JP9WAJTs\/download?ixid=MnwxMjA3fDB8MXxhbGx8fHx8fHx8fHwxNjQwNzYwOTk0&force=true&w=1920",
        "img_lic": "free to use",
        "md5": "99fda6b45a13424448ed9e7225312084"
    },
    "client03.jpg": {
        "img_source": "https:\/\/unsplash.com\/photos\/Zz5LQe-VSMY",
        "download_url": "https:\/\/unsplash.com\/photos\/Zz5LQe-VSMY\/download?ixid=MnwxMjA3fDB8MXxhbGx8fHx8fHx8fHwxNjQwNzYwODIz&force=true&w=1920",
        "img_lic": "free to use",
        "md5": "17d2d52ade1ed6d8f63bf0f6e54da0ba"
    },
    "blog04.jpg": {
        "img_source": "https:\/\/unsplash.com\/photos\/JaoVGh5aJ3E",
        "download_url": "https:\/\/unsplash.com\/photos\/JaoVGh5aJ3E\/download?force=true&w=1920",
        "img_lic": "free to use",
        "md5": "e27dd68fa196ad7897933d65c652bad8"
    },
    "blog03.jpg": {
        "img_source": "https:\/\/unsplash.com\/photos\/m_HRfLhgABo",
        "download_url": "https:\/\/unsplash.com\/photos\/m_HRfLhgABo\/download?ixid=MnwxMjA3fDB8MXxhbGx8fHx8fHx8fHwxNjQwODQ0NTk4&force=true&w=1920",
        "img_lic": "free to use",
        "md5": "395b842905e9bbece60c0c6e10b4059b"
    },
    "blog02.jpg": {
        "img_source": "https:\/\/unsplash.com\/photos\/QBpZGqEMsKg",
        "download_url": "https:\/\/unsplash.com\/photos\/QBpZGqEMsKg\/download?ixid=MnwxMjA3fDB8MXxzZWFyY2h8NDR8fHRlY2hub2xvZ3l8ZW58MHx8fHwxNjQwODQzNzEz&force=true&w=1920",
        "img_lic": "free to use",
        "md5": "332a1da42a3bc95c354141905a20c601"
    },
    "blog01.jpg": {
        "img_source": "https:\/\/unsplash.com\/photos\/aWslrFhs1w4",
        "download_url": "https:\/\/unsplash.com\/photos\/aWslrFhs1w4\/download?force=true&w=1920",
        "img_lic": "free to use",
        "md5": "4e96e4e74e1eb366075b0d4e78e6c970"
    }
}